	_user_id	applied_count	hits@10_count	hits@15_count	hits@20_count	hits@25_count	hits@3_count	hits@5_count	recall@10	recall@15	recall@20	recall@25	recall@3	recall@5
555	1127206	493	176	215	244	272	88	123	0.35699797160243407	0.43610547667342797	0.4949290060851927	0.5517241379310345	0.17849898580121704	0.24949290060851928
176	447922	323	186	210	231	243	83	125	0.5758513931888545	0.6501547987616099	0.7151702786377709	0.7523219814241486	0.25696594427244585	0.38699690402476783
141	296500	258	50	72	85	92	16	25	0.1937984496124031	0.27906976744186046	0.32945736434108525	0.35658914728682173	0.06201550387596899	0.09689922480620156
370	853630	104	75	82	87	87	37	58	0.7211538461538461	0.7884615384615384	0.8365384615384616	0.8365384615384616	0.3557692307692308	0.5576923076923077
710	1364895	63	21	32	41	46	10	12	0.3333333333333333	0.5079365079365079	0.6507936507936508	0.7301587301587301	0.15873015873015872	0.19047619047619047
321	783474	58	10	14	19	23	1	1	0.1724137931034483	0.2413793103448276	0.3275862068965517	0.39655172413793105	0.017241379310344827	0.017241379310344827
543	1106267	50	27	30	33	37	12	19	0.54	0.6	0.66	0.74	0.24	0.38
340	814579	48	18	25	28	29	9	11	0.375	0.5208333333333334	0.5833333333333334	0.6041666666666666	0.1875	0.22916666666666666
368	851748	46	12	16	19	23	4	7	0.2608695652173913	0.34782608695652173	0.41304347826086957	0.5	0.08695652173913043	0.15217391304347827
439	943352	42	13	22	26	28	3	6	0.30952380952380953	0.5238095238095238	0.6190476190476191	0.6666666666666666	0.07142857142857142	0.14285714285714285
222	605733	40	33	38	38	38	21	26	0.825	0.95	0.95	0.95	0.525	0.65
579	1158179	40	15	21	22	25	6	9	0.375	0.525	0.55	0.625	0.15	0.225
62	184821	39	21	28	30	30	10	17	0.5384615384615384	0.717948717948718	0.7692307692307693	0.7692307692307693	0.2564102564102564	0.4358974358974359
688	1334505	38	6	11	17	18	3	4	0.15789473684210525	0.2894736842105263	0.4473684210526316	0.47368421052631576	0.07894736842105263	0.10526315789473684
173	437691	36	9	12	13	15	3	4	0.25	0.3333333333333333	0.3611111111111111	0.4166666666666667	0.08333333333333333	0.1111111111111111
451	963804	33	10	15	20	21	5	8	0.30303030303030304	0.45454545454545453	0.6060606060606061	0.6363636363636364	0.15151515151515152	0.24242424242424243
117	265804	32	26	30	32	32	19	22	0.8125	0.9375	1.0	1.0	0.59375	0.6875
424	917105	32	20	20	22	23	14	16	0.625	0.625	0.6875	0.71875	0.4375	0.5
387	871149	31	24	27	28	29	16	20	0.7741935483870968	0.8709677419354839	0.9032258064516129	0.9354838709677419	0.5161290322580645	0.6451612903225806
770	1463327	31	21	23	23	24	11	16	0.6774193548387096	0.7419354838709677	0.7419354838709677	0.7741935483870968	0.3548387096774194	0.5161290322580645
269	705944	29	14	15	17	19	8	11	0.4827586206896552	0.5172413793103449	0.5862068965517241	0.6551724137931034	0.27586206896551724	0.3793103448275862
526	1088778	27	15	18	19	20	5	11	0.5555555555555556	0.6666666666666666	0.7037037037037037	0.7407407407407407	0.18518518518518517	0.4074074074074074
605	1206168	27	8	8	10	11	2	2	0.2962962962962963	0.2962962962962963	0.37037037037037035	0.4074074074074074	0.07407407407407407	0.07407407407407407
754	1437624	27	14	15	17	21	10	12	0.5185185185185185	0.5555555555555556	0.6296296296296297	0.7777777777777778	0.37037037037037035	0.4444444444444444
684	1321190	27	16	18	21	23	11	13	0.5925925925925926	0.6666666666666666	0.7777777777777778	0.8518518518518519	0.4074074074074074	0.48148148148148145
214	564326	27	3	8	10	14	1	1	0.1111111111111111	0.2962962962962963	0.37037037037037035	0.5185185185185185	0.037037037037037035	0.037037037037037035
675	1312055	27	16	17	19	20	7	13	0.5925925925925926	0.6296296296296297	0.7037037037037037	0.7407407407407407	0.25925925925925924	0.48148148148148145
299	749389	26	16	17	18	20	13	14	0.6153846153846154	0.6538461538461539	0.6923076923076923	0.7692307692307693	0.5	0.5384615384615384
172	433226	25	9	12	16	17	6	7	0.36	0.48	0.64	0.68	0.24	0.28
742	1409963	24	9	9	13	14	5	7	0.375	0.375	0.5416666666666666	0.5833333333333334	0.20833333333333334	0.2916666666666667
502	1042723	24	3	5	10	15	0	1	0.125	0.20833333333333334	0.4166666666666667	0.625	0.0	0.041666666666666664
761	1448156	23	7	8	12	18	5	5	0.30434782608695654	0.34782608695652173	0.5217391304347826	0.782608695652174	0.21739130434782608	0.21739130434782608
14	45321	23	8	14	16	18	3	6	0.34782608695652173	0.6086956521739131	0.6956521739130435	0.782608695652174	0.13043478260869565	0.2608695652173913
357	838154	23	15	16	17	20	8	12	0.6521739130434783	0.6956521739130435	0.7391304347826086	0.8695652173913043	0.34782608695652173	0.5217391304347826
6	18206	23	10	12	15	16	4	7	0.43478260869565216	0.5217391304347826	0.6521739130434783	0.6956521739130435	0.17391304347826086	0.30434782608695654
234	629838	22	15	17	17	18	9	11	0.6818181818181818	0.7727272727272727	0.7727272727272727	0.8181818181818182	0.4090909090909091	0.5
450	963564	22	7	13	18	18	3	4	0.3181818181818182	0.5909090909090909	0.8181818181818182	0.8181818181818182	0.13636363636363635	0.18181818181818182
410	900210	22	5	5	7	9	3	4	0.22727272727272727	0.22727272727272727	0.3181818181818182	0.4090909090909091	0.13636363636363635	0.18181818181818182
622	1226555	22	15	19	19	20	11	12	0.6818181818181818	0.8636363636363636	0.8636363636363636	0.9090909090909091	0.5	0.5454545454545454
275	709667	22	16	17	20	20	10	12	0.7272727272727273	0.7727272727272727	0.9090909090909091	0.9090909090909091	0.45454545454545453	0.5454545454545454
10	32653	22	16	16	16	17	8	11	0.7272727272727273	0.7272727272727273	0.7272727272727273	0.7727272727272727	0.36363636363636365	0.5
272	707570	22	8	8	9	10	2	5	0.36363636363636365	0.36363636363636365	0.4090909090909091	0.45454545454545453	0.09090909090909091	0.22727272727272727
384	867121	22	10	13	14	14	2	4	0.45454545454545453	0.5909090909090909	0.6363636363636364	0.6363636363636364	0.09090909090909091	0.18181818181818182
763	1452644	21	21	21	21	21	17	20	1.0	1.0	1.0	1.0	0.8095238095238095	0.9523809523809523
286	731429	21	11	13	18	18	1	4	0.5238095238095238	0.6190476190476191	0.8571428571428571	0.8571428571428571	0.047619047619047616	0.19047619047619047
306	758752	21	17	19	19	19	10	12	0.8095238095238095	0.9047619047619048	0.9047619047619048	0.9047619047619048	0.47619047619047616	0.5714285714285714
452	963850	20	11	15	15	17	4	7	0.55	0.75	0.75	0.85	0.2	0.35
318	779555	20	13	17	18	19	10	10	0.65	0.85	0.9	0.95	0.5	0.5
686	1327338	20	9	11	12	14	3	3	0.45	0.55	0.6	0.7	0.15	0.15
336	808399	20	10	12	14	15	4	7	0.5	0.6	0.7	0.75	0.2	0.35
378	858472	20	9	13	15	16	1	6	0.45	0.65	0.75	0.8	0.05	0.3
748	1426220	19	14	15	15	15	6	10	0.7368421052631579	0.7894736842105263	0.7894736842105263	0.7894736842105263	0.3157894736842105	0.5263157894736842
696	1344524	19	12	13	14	14	9	10	0.631578947368421	0.6842105263157895	0.7368421052631579	0.7368421052631579	0.47368421052631576	0.5263157894736842
209	555268	19	15	16	17	17	8	10	0.7894736842105263	0.8421052631578947	0.8947368421052632	0.8947368421052632	0.42105263157894735	0.5263157894736842
78	210094	19	10	11	12	14	3	7	0.5263157894736842	0.5789473684210527	0.631578947368421	0.7368421052631579	0.15789473684210525	0.3684210526315789
533	1094549	19	6	7	7	7	1	2	0.3157894736842105	0.3684210526315789	0.3684210526315789	0.3684210526315789	0.05263157894736842	0.10526315789473684
516	1067513	19	8	10	12	12	2	5	0.42105263157894735	0.5263157894736842	0.631578947368421	0.631578947368421	0.10526315789473684	0.2631578947368421
90	232149	19	9	10	14	14	7	7	0.47368421052631576	0.5263157894736842	0.7368421052631579	0.7368421052631579	0.3684210526315789	0.3684210526315789
734	1400836	18	9	10	13	13	6	6	0.5	0.5555555555555556	0.7222222222222222	0.7222222222222222	0.3333333333333333	0.3333333333333333
636	1245364	18	8	8	8	11	5	6	0.4444444444444444	0.4444444444444444	0.4444444444444444	0.6111111111111112	0.2777777777777778	0.3333333333333333
101	246284	18	4	5	8	8	3	3	0.2222222222222222	0.2777777777777778	0.4444444444444444	0.4444444444444444	0.16666666666666666	0.16666666666666666
462	975383	18	5	5	6	6	4	5	0.2777777777777778	0.2777777777777778	0.3333333333333333	0.3333333333333333	0.2222222222222222	0.2777777777777778
401	891947	18	6	8	8	11	1	1	0.3333333333333333	0.4444444444444444	0.4444444444444444	0.6111111111111112	0.05555555555555555	0.05555555555555555
148	325908	18	9	15	17	17	3	6	0.5	0.8333333333333334	0.9444444444444444	0.9444444444444444	0.16666666666666666	0.3333333333333333
307	765880	17	13	16	17	17	11	12	0.7647058823529411	0.9411764705882353	1.0	1.0	0.6470588235294118	0.7058823529411765
93	235023	17	2	2	3	5	2	2	0.11764705882352941	0.11764705882352941	0.17647058823529413	0.29411764705882354	0.11764705882352941	0.11764705882352941
19	72028	17	9	11	14	14	2	6	0.5294117647058824	0.6470588235294118	0.8235294117647058	0.8235294117647058	0.11764705882352941	0.35294117647058826
604	1203631	17	5	7	9	10	3	5	0.29411764705882354	0.4117647058823529	0.5294117647058824	0.5882352941176471	0.17647058823529413	0.29411764705882354
71	193637	17	7	9	10	11	2	4	0.4117647058823529	0.5294117647058824	0.5882352941176471	0.6470588235294118	0.11764705882352941	0.23529411764705882
140	294589	17	14	14	14	15	7	9	0.8235294117647058	0.8235294117647058	0.8235294117647058	0.8823529411764706	0.4117647058823529	0.5294117647058824
85	228362	16	14	14	14	14	13	14	0.875	0.875	0.875	0.875	0.8125	0.875
542	1105987	16	4	7	9	11	1	2	0.25	0.4375	0.5625	0.6875	0.0625	0.125
34	123242	16	14	14	14	14	7	9	0.875	0.875	0.875	0.875	0.4375	0.5625
239	643346	15	8	9	10	12	2	4	0.5333333333333333	0.6	0.6666666666666666	0.8	0.13333333333333333	0.26666666666666666
654	1281584	15	14	15	15	15	7	11	0.9333333333333333	1.0	1.0	1.0	0.4666666666666667	0.7333333333333333
332	802446	15	10	13	13	13	8	8	0.6666666666666666	0.8666666666666667	0.8666666666666667	0.8666666666666667	0.5333333333333333	0.5333333333333333
438	943279	15	11	12	13	14	11	11	0.7333333333333333	0.8	0.8666666666666667	0.9333333333333333	0.7333333333333333	0.7333333333333333
714	1371980	15	4	6	9	11	1	1	0.26666666666666666	0.4	0.6	0.7333333333333333	0.06666666666666667	0.06666666666666667
335	807325	15	8	9	10	11	2	6	0.5333333333333333	0.6	0.6666666666666666	0.7333333333333333	0.13333333333333333	0.4
138	292174	15	0	2	4	7	0	0	0.0	0.13333333333333333	0.26666666666666666	0.4666666666666667	0.0	0.0
32	120989	15	7	8	9	9	4	5	0.4666666666666667	0.5333333333333333	0.6	0.6	0.26666666666666666	0.3333333333333333
134	288563	15	2	3	6	6	0	0	0.13333333333333333	0.2	0.4	0.4	0.0	0.0
612	1212678	15	3	4	6	7	0	1	0.2	0.26666666666666666	0.4	0.4666666666666667	0.0	0.06666666666666667
431	936118	15	9	13	14	15	6	6	0.6	0.8666666666666667	0.9333333333333333	1.0	0.4	0.4
511	1056098	15	5	11	12	13	4	4	0.3333333333333333	0.7333333333333333	0.8	0.8666666666666667	0.26666666666666666	0.26666666666666666
557	1131798	14	11	12	12	12	10	11	0.7857142857142857	0.8571428571428571	0.8571428571428571	0.8571428571428571	0.7142857142857143	0.7857142857142857
253	672060	14	9	10	11	12	5	7	0.6428571428571429	0.7142857142857143	0.7857142857142857	0.8571428571428571	0.35714285714285715	0.5
759	1444851	14	10	10	10	11	3	5	0.7142857142857143	0.7142857142857143	0.7142857142857143	0.7857142857142857	0.21428571428571427	0.35714285714285715
494	1034905	14	10	11	12	13	6	7	0.7142857142857143	0.7857142857142857	0.8571428571428571	0.9285714285714286	0.42857142857142855	0.5
731	1397216	14	6	6	8	10	2	2	0.42857142857142855	0.42857142857142855	0.5714285714285714	0.7142857142857143	0.14285714285714285	0.14285714285714285
308	767036	14	4	5	5	7	0	1	0.2857142857142857	0.35714285714285715	0.35714285714285715	0.5	0.0	0.07142857142857142
587	1171292	14	7	8	10	11	3	4	0.5	0.5714285714285714	0.7142857142857143	0.7857142857142857	0.21428571428571427	0.2857142857142857
108	253673	14	5	6	8	13	2	3	0.35714285714285715	0.42857142857142855	0.5714285714285714	0.9285714285714286	0.14285714285714285	0.21428571428571427
151	349748	13	6	9	10	10	3	3	0.46153846153846156	0.6923076923076923	0.7692307692307693	0.7692307692307693	0.23076923076923078	0.23076923076923078
749	1426975	13	8	10	10	10	3	4	0.6153846153846154	0.7692307692307693	0.7692307692307693	0.7692307692307693	0.23076923076923078	0.3076923076923077
89	231730	13	7	7	10	11	3	4	0.5384615384615384	0.5384615384615384	0.7692307692307693	0.8461538461538461	0.23076923076923078	0.3076923076923077
466	979415	13	4	5	7	9	2	3	0.3076923076923077	0.38461538461538464	0.5384615384615384	0.6923076923076923	0.15384615384615385	0.23076923076923078
245	659500	13	2	5	6	8	1	1	0.15384615384615385	0.38461538461538464	0.46153846153846156	0.6153846153846154	0.07692307692307693	0.07692307692307693
461	973957	13	6	7	7	10	3	3	0.46153846153846156	0.5384615384615384	0.5384615384615384	0.7692307692307693	0.23076923076923078	0.23076923076923078
508	1050047	13	5	6	8	8	3	3	0.38461538461538464	0.46153846153846156	0.6153846153846154	0.6153846153846154	0.23076923076923078	0.23076923076923078
504	1044932	12	12	12	12	12	11	11	1.0	1.0	1.0	1.0	0.9166666666666666	0.9166666666666666
162	388707	12	7	8	8	10	4	5	0.5833333333333334	0.6666666666666666	0.6666666666666666	0.8333333333333334	0.3333333333333333	0.4166666666666667
327	791756	12	7	8	9	10	2	3	0.5833333333333334	0.6666666666666666	0.75	0.8333333333333334	0.16666666666666666	0.25
72	197266	12	8	10	11	12	3	4	0.6666666666666666	0.8333333333333334	0.9166666666666666	1.0	0.25	0.3333333333333333
33	122074	12	2	2	3	3	1	1	0.16666666666666666	0.16666666666666666	0.25	0.25	0.08333333333333333	0.08333333333333333
361	841891	12	8	9	10	11	4	6	0.6666666666666666	0.75	0.8333333333333334	0.9166666666666666	0.3333333333333333	0.5
702	1352131	12	4	6	8	8	2	3	0.3333333333333333	0.5	0.6666666666666666	0.6666666666666666	0.16666666666666666	0.25
641	1256633	12	6	8	8	9	1	5	0.5	0.6666666666666666	0.6666666666666666	0.75	0.08333333333333333	0.4166666666666667
356	837925	12	7	8	8	9	2	5	0.5833333333333334	0.6666666666666666	0.6666666666666666	0.75	0.16666666666666666	0.4166666666666667
229	613605	12	4	4	5	5	1	3	0.3333333333333333	0.3333333333333333	0.4166666666666667	0.4166666666666667	0.08333333333333333	0.25
692	1338273	11	2	5	6	6	0	1	0.18181818181818182	0.45454545454545453	0.5454545454545454	0.5454545454545454	0.0	0.09090909090909091
398	888498	11	5	6	8	9	3	4	0.45454545454545453	0.5454545454545454	0.7272727272727273	0.8181818181818182	0.2727272727272727	0.36363636363636365
1	2652	11	6	6	8	9	4	4	0.5454545454545454	0.5454545454545454	0.7272727272727273	0.8181818181818182	0.36363636363636365	0.36363636363636365
416	905068	11	7	10	10	10	6	7	0.6363636363636364	0.9090909090909091	0.9090909090909091	0.9090909090909091	0.5454545454545454	0.6363636363636364
552	1124224	11	9	9	9	11	7	9	0.8181818181818182	0.8181818181818182	0.8181818181818182	1.0	0.6363636363636364	0.8181818181818182
646	1264978	11	7	8	8	8	6	7	0.6363636363636364	0.7272727272727273	0.7272727272727273	0.7272727272727273	0.5454545454545454	0.6363636363636364
644	1260250	11	2	2	3	4	2	2	0.18181818181818182	0.18181818181818182	0.2727272727272727	0.36363636363636365	0.18181818181818182	0.18181818181818182
764	1453700	11	10	10	11	11	5	7	0.9090909090909091	0.9090909090909091	1.0	1.0	0.45454545454545453	0.6363636363636364
700	1349903	11	2	3	6	7	2	2	0.18181818181818182	0.2727272727272727	0.5454545454545454	0.6363636363636364	0.18181818181818182	0.18181818181818182
263	698228	10	6	6	7	8	4	4	0.6	0.6	0.7	0.8	0.4	0.4
314	775737	10	0	1	6	7	0	0	0.0	0.1	0.6	0.7	0.0	0.0
403	893787	10	9	9	9	9	3	6	0.9	0.9	0.9	0.9	0.3	0.6
760	1448126	10	2	2	3	5	1	1	0.2	0.2	0.3	0.5	0.1	0.1
534	1095064	10	7	8	8	9	3	5	0.7	0.8	0.8	0.9	0.3	0.5
571	1148741	10	1	2	3	4	0	0	0.1	0.2	0.3	0.4	0.0	0.0
113	258581	10	5	7	7	7	2	3	0.5	0.7	0.7	0.7	0.2	0.3
213	563760	10	5	5	5	6	3	3	0.5	0.5	0.5	0.6	0.3	0.3
196	521212	10	2	4	4	6	1	1	0.2	0.4	0.4	0.6	0.1	0.1
79	212311	10	6	7	7	8	1	3	0.6	0.7	0.7	0.8	0.1	0.3
415	902905	9	8	8	9	9	7	8	0.8888888888888888	0.8888888888888888	1.0	1.0	0.7777777777777778	0.8888888888888888
479	1004846	9	3	7	7	7	0	0	0.3333333333333333	0.7777777777777778	0.7777777777777778	0.7777777777777778	0.0	0.0
339	812643	9	7	7	7	7	5	5	0.7777777777777778	0.7777777777777778	0.7777777777777778	0.7777777777777778	0.5555555555555556	0.5555555555555556
348	823347	9	8	8	8	8	6	8	0.8888888888888888	0.8888888888888888	0.8888888888888888	0.8888888888888888	0.6666666666666666	0.8888888888888888
352	832203	9	5	6	7	7	3	5	0.5555555555555556	0.6666666666666666	0.7777777777777778	0.7777777777777778	0.3333333333333333	0.5555555555555556
194	513192	9	1	2	3	4	0	1	0.1111111111111111	0.2222222222222222	0.3333333333333333	0.4444444444444444	0.0	0.1111111111111111
221	604479	9	8	8	8	8	7	7	0.8888888888888888	0.8888888888888888	0.8888888888888888	0.8888888888888888	0.7777777777777778	0.7777777777777778
491	1033482	9	7	7	7	7	6	7	0.7777777777777778	0.7777777777777778	0.7777777777777778	0.7777777777777778	0.6666666666666666	0.7777777777777778
223	608107	9	3	5	5	7	0	1	0.3333333333333333	0.5555555555555556	0.5555555555555556	0.7777777777777778	0.0	0.1111111111111111
509	1054694	9	8	8	8	9	5	6	0.8888888888888888	0.8888888888888888	0.8888888888888888	1.0	0.5555555555555556	0.6666666666666666
187	496866	9	3	4	4	4	2	2	0.3333333333333333	0.4444444444444444	0.4444444444444444	0.4444444444444444	0.2222222222222222	0.2222222222222222
426	919646	9	4	5	7	7	2	2	0.4444444444444444	0.5555555555555556	0.7777777777777778	0.7777777777777778	0.2222222222222222	0.2222222222222222
512	1060076	9	5	6	7	7	2	2	0.5555555555555556	0.6666666666666666	0.7777777777777778	0.7777777777777778	0.2222222222222222	0.2222222222222222
423	916751	9	0	2	2	2	0	0	0.0	0.2222222222222222	0.2222222222222222	0.2222222222222222	0.0	0.0
203	534554	9	5	5	5	7	4	4	0.5555555555555556	0.5555555555555556	0.5555555555555556	0.7777777777777778	0.4444444444444444	0.4444444444444444
551	1120504	9	1	1	1	2	0	0	0.1111111111111111	0.1111111111111111	0.1111111111111111	0.2222222222222222	0.0	0.0
44	154624	9	2	5	6	6	0	1	0.2222222222222222	0.5555555555555556	0.6666666666666666	0.6666666666666666	0.0	0.1111111111111111
112	255422	9	1	5	6	7	0	1	0.1111111111111111	0.5555555555555556	0.6666666666666666	0.7777777777777778	0.0	0.1111111111111111
695	1344469	9	3	3	4	4	3	3	0.3333333333333333	0.3333333333333333	0.4444444444444444	0.4444444444444444	0.3333333333333333	0.3333333333333333
99	238871	9	7	7	8	8	6	6	0.7777777777777778	0.7777777777777778	0.8888888888888888	0.8888888888888888	0.6666666666666666	0.6666666666666666
707	1362276	9	8	9	9	9	5	6	0.8888888888888888	1.0	1.0	1.0	0.5555555555555556	0.6666666666666666
84	225100	9	3	4	4	5	0	1	0.3333333333333333	0.4444444444444444	0.4444444444444444	0.5555555555555556	0.0	0.1111111111111111
745	1414967	9	8	8	8	8	8	8	0.8888888888888888	0.8888888888888888	0.8888888888888888	0.8888888888888888	0.8888888888888888	0.8888888888888888
91	232585	8	2	3	4	4	0	0	0.25	0.375	0.5	0.5	0.0	0.0
497	1037729	8	5	5	6	7	1	2	0.625	0.625	0.75	0.875	0.125	0.25
459	972159	8	5	7	7	8	3	5	0.625	0.875	0.875	1.0	0.375	0.625
460	972223	8	3	4	6	6	1	1	0.375	0.5	0.75	0.75	0.125	0.125
716	1375464	8	3	4	6	6	2	2	0.375	0.5	0.75	0.75	0.25	0.25
37	143852	8	7	7	7	8	4	6	0.875	0.875	0.875	1.0	0.5	0.75
179	458554	8	2	2	3	4	0	1	0.25	0.25	0.375	0.5	0.0	0.125
130	282333	8	5	6	6	6	1	3	0.625	0.75	0.75	0.75	0.125	0.375
468	979760	8	6	7	7	7	6	6	0.75	0.875	0.875	0.875	0.75	0.75
29	114667	8	8	8	8	8	7	8	1.0	1.0	1.0	1.0	0.875	1.0
472	991938	8	4	4	4	4	2	3	0.5	0.5	0.5	0.5	0.25	0.375
303	755417	8	1	1	2	4	0	0	0.125	0.125	0.25	0.5	0.0	0.0
487	1026312	8	7	7	7	7	7	7	0.875	0.875	0.875	0.875	0.875	0.875
25	108786	8	5	5	6	6	2	3	0.625	0.625	0.75	0.75	0.25	0.375
298	748943	8	3	4	5	7	1	1	0.375	0.5	0.625	0.875	0.125	0.125
666	1297676	8	2	2	2	4	1	2	0.25	0.25	0.25	0.5	0.125	0.25
161	388358	8	6	7	8	8	3	3	0.75	0.875	1.0	1.0	0.375	0.375
559	1134490	8	7	8	8	8	5	6	0.875	1.0	1.0	1.0	0.625	0.75
248	664269	8	2	3	4	5	2	2	0.25	0.375	0.5	0.625	0.25	0.25
432	936160	8	4	6	6	6	3	3	0.5	0.75	0.75	0.75	0.375	0.375
433	938697	8	6	6	6	7	3	5	0.75	0.75	0.75	0.875	0.375	0.625
276	711050	8	5	5	5	6	3	4	0.625	0.625	0.625	0.75	0.375	0.5
414	902670	8	8	8	8	8	3	6	1.0	1.0	1.0	1.0	0.375	0.75
147	321953	8	7	7	8	8	3	3	0.875	0.875	1.0	1.0	0.375	0.375
271	707328	8	4	6	6	7	3	3	0.5	0.75	0.75	0.875	0.375	0.375
257	678227	7	5	6	6	6	2	4	0.7142857142857143	0.8571428571428571	0.8571428571428571	0.8571428571428571	0.2857142857142857	0.5714285714285714
638	1250062	7	3	3	4	4	3	3	0.42857142857142855	0.42857142857142855	0.5714285714285714	0.5714285714285714	0.42857142857142855	0.42857142857142855
694	1344341	7	1	2	2	2	0	1	0.14285714285714285	0.2857142857142857	0.2857142857142857	0.2857142857142857	0.0	0.14285714285714285
632	1237713	7	7	7	7	7	4	6	1.0	1.0	1.0	1.0	0.5714285714285714	0.8571428571428571
691	1337616	7	7	7	7	7	4	5	1.0	1.0	1.0	1.0	0.5714285714285714	0.7142857142857143
63	184870	7	5	5	6	7	4	4	0.7142857142857143	0.7142857142857143	0.8571428571428571	1.0	0.5714285714285714	0.5714285714285714
469	982658	7	2	5	6	6	2	2	0.2857142857142857	0.7142857142857143	0.8571428571428571	0.8571428571428571	0.2857142857142857	0.2857142857142857
374	856734	7	3	4	5	7	0	2	0.42857142857142855	0.5714285714285714	0.7142857142857143	1.0	0.0	0.2857142857142857
724	1391463	7	1	2	2	4	1	1	0.14285714285714285	0.2857142857142857	0.2857142857142857	0.5714285714285714	0.14285714285714285	0.14285714285714285
47	161055	7	3	5	6	7	0	2	0.42857142857142855	0.7142857142857143	0.8571428571428571	1.0	0.0	0.2857142857142857
701	1351340	7	0	0	0	1	0	0	0.0	0.0	0.0	0.14285714285714285	0.0	0.0
463	975826	7	2	3	3	3	2	2	0.2857142857142857	0.42857142857142855	0.42857142857142855	0.42857142857142855	0.2857142857142857	0.2857142857142857
650	1273986	7	3	4	4	4	1	2	0.42857142857142855	0.5714285714285714	0.5714285714285714	0.5714285714285714	0.14285714285714285	0.2857142857142857
404	895917	7	3	5	5	5	2	2	0.42857142857142855	0.7142857142857143	0.7142857142857143	0.7142857142857143	0.2857142857142857	0.2857142857142857
456	968930	7	5	6	6	6	2	4	0.7142857142857143	0.8571428571428571	0.8571428571428571	0.8571428571428571	0.2857142857142857	0.5714285714285714
679	1315450	7	6	6	7	7	3	4	0.8571428571428571	0.8571428571428571	1.0	1.0	0.42857142857142855	0.5714285714285714
449	962574	7	4	7	7	7	4	4	0.5714285714285714	1.0	1.0	1.0	0.5714285714285714	0.5714285714285714
659	1286737	7	3	3	4	5	0	1	0.42857142857142855	0.42857142857142855	0.5714285714285714	0.7142857142857143	0.0	0.14285714285714285
265	701189	7	6	7	7	7	3	4	0.8571428571428571	1.0	1.0	1.0	0.42857142857142855	0.5714285714285714
345	820618	7	3	6	6	6	1	3	0.42857142857142855	0.8571428571428571	0.8571428571428571	0.8571428571428571	0.14285714285714285	0.42857142857142855
324	789865	7	1	1	1	2	1	1	0.14285714285714285	0.14285714285714285	0.14285714285714285	0.2857142857142857	0.14285714285714285	0.14285714285714285
592	1181619	7	4	5	5	6	1	2	0.5714285714285714	0.7142857142857143	0.7142857142857143	0.8571428571428571	0.14285714285714285	0.2857142857142857
593	1181990	7	4	4	6	6	1	3	0.5714285714285714	0.5714285714285714	0.8571428571428571	0.8571428571428571	0.14285714285714285	0.42857142857142855
762	1449354	7	6	6	6	6	3	4	0.8571428571428571	0.8571428571428571	0.8571428571428571	0.8571428571428571	0.42857142857142855	0.5714285714285714
531	1093438	7	5	5	5	6	4	5	0.7142857142857143	0.7142857142857143	0.7142857142857143	0.8571428571428571	0.5714285714285714	0.7142857142857143
133	285048	7	6	6	7	7	3	3	0.8571428571428571	0.8571428571428571	1.0	1.0	0.42857142857142855	0.42857142857142855
601	1195218	7	0	0	1	1	0	0	0.0	0.0	0.14285714285714285	0.14285714285714285	0.0	0.0
120	268777	7	6	6	6	6	5	6	0.8571428571428571	0.8571428571428571	0.8571428571428571	0.8571428571428571	0.7142857142857143	0.8571428571428571
190	501480	7	3	5	6	6	2	3	0.42857142857142855	0.7142857142857143	0.8571428571428571	0.8571428571428571	0.2857142857142857	0.42857142857142855
588	1172665	7	6	7	7	7	4	5	0.8571428571428571	1.0	1.0	1.0	0.5714285714285714	0.7142857142857143
577	1153353	7	3	5	5	6	2	2	0.42857142857142855	0.7142857142857143	0.7142857142857143	0.8571428571428571	0.2857142857142857	0.2857142857142857
727	1392434	7	7	7	7	7	6	7	1.0	1.0	1.0	1.0	0.8571428571428571	1.0
152	358854	7	4	6	6	6	2	3	0.5714285714285714	0.8571428571428571	0.8571428571428571	0.8571428571428571	0.2857142857142857	0.42857142857142855
150	342320	7	5	6	6	6	3	3	0.7142857142857143	0.8571428571428571	0.8571428571428571	0.8571428571428571	0.42857142857142855	0.42857142857142855
428	927334	6	2	2	2	2	1	1	0.3333333333333333	0.3333333333333333	0.3333333333333333	0.3333333333333333	0.16666666666666666	0.16666666666666666
278	712193	6	3	3	3	4	1	1	0.5	0.5	0.5	0.6666666666666666	0.16666666666666666	0.16666666666666666
333	804193	6	5	5	5	5	2	3	0.8333333333333334	0.8333333333333334	0.8333333333333334	0.8333333333333334	0.3333333333333333	0.5
500	1041158	6	3	4	6	6	1	2	0.5	0.6666666666666666	1.0	1.0	0.16666666666666666	0.3333333333333333
586	1170285	6	4	5	5	5	4	4	0.6666666666666666	0.8333333333333334	0.8333333333333334	0.8333333333333334	0.6666666666666666	0.6666666666666666
280	717003	6	1	1	3	4	1	1	0.16666666666666666	0.16666666666666666	0.5	0.6666666666666666	0.16666666666666666	0.16666666666666666
74	202944	6	3	4	4	4	2	2	0.5	0.6666666666666666	0.6666666666666666	0.6666666666666666	0.3333333333333333	0.3333333333333333
65	186466	6	4	5	6	6	4	4	0.6666666666666666	0.8333333333333334	1.0	1.0	0.6666666666666666	0.6666666666666666
549	1117740	6	2	3	3	3	0	0	0.3333333333333333	0.5	0.5	0.5	0.0	0.0
585	1170222	6	6	6	6	6	4	4	1.0	1.0	1.0	1.0	0.6666666666666666	0.6666666666666666
580	1158591	6	4	4	5	5	2	3	0.6666666666666666	0.6666666666666666	0.8333333333333334	0.8333333333333334	0.3333333333333333	0.5
561	1134930	6	2	2	4	5	0	1	0.3333333333333333	0.3333333333333333	0.6666666666666666	0.8333333333333334	0.0	0.16666666666666666
82	218967	6	0	0	1	1	0	0	0.0	0.0	0.16666666666666666	0.16666666666666666	0.0	0.0
137	291991	6	1	1	1	2	0	0	0.16666666666666666	0.16666666666666666	0.16666666666666666	0.3333333333333333	0.0	0.0
154	367480	6	4	4	4	4	4	4	0.6666666666666666	0.6666666666666666	0.6666666666666666	0.6666666666666666	0.6666666666666666	0.6666666666666666
323	789834	6	0	0	0	1	0	0	0.0	0.0	0.0	0.16666666666666666	0.0	0.0
446	959992	6	1	2	2	3	1	1	0.16666666666666666	0.3333333333333333	0.3333333333333333	0.5	0.16666666666666666	0.16666666666666666
453	964631	6	3	4	5	6	1	2	0.5	0.6666666666666666	0.8333333333333334	1.0	0.16666666666666666	0.3333333333333333
603	1196345	6	2	2	2	3	1	2	0.3333333333333333	0.3333333333333333	0.3333333333333333	0.5	0.16666666666666666	0.3333333333333333
482	1009369	6	5	5	5	5	2	4	0.8333333333333334	0.8333333333333334	0.8333333333333334	0.8333333333333334	0.3333333333333333	0.6666666666666666
506	1047891	6	1	2	2	4	0	1	0.16666666666666666	0.3333333333333333	0.3333333333333333	0.6666666666666666	0.0	0.16666666666666666
620	1220111	6	2	3	3	4	0	1	0.3333333333333333	0.5	0.5	0.6666666666666666	0.0	0.16666666666666666
514	1061311	6	2	4	4	4	2	2	0.3333333333333333	0.6666666666666666	0.6666666666666666	0.6666666666666666	0.3333333333333333	0.3333333333333333
373	855082	6	5	5	5	5	5	5	0.8333333333333334	0.8333333333333334	0.8333333333333334	0.8333333333333334	0.8333333333333334	0.8333333333333334
353	832552	6	3	4	4	6	3	3	0.5	0.6666666666666666	0.6666666666666666	1.0	0.5	0.5
364	846693	6	5	5	5	5	4	5	0.8333333333333334	0.8333333333333334	0.8333333333333334	0.8333333333333334	0.6666666666666666	0.8333333333333334
527	1089409	6	5	6	6	6	3	5	0.8333333333333334	1.0	1.0	1.0	0.5	0.8333333333333334
618	1219063	6	3	4	6	6	2	3	0.5	0.6666666666666666	1.0	1.0	0.3333333333333333	0.5
22	81354	6	1	1	3	3	1	1	0.16666666666666666	0.16666666666666666	0.5	0.5	0.16666666666666666	0.16666666666666666
174	440145	6	5	5	6	6	3	3	0.8333333333333334	0.8333333333333334	1.0	1.0	0.5	0.5
53	171758	5	3	4	4	4	2	3	0.6	0.8	0.8	0.8	0.4	0.6
405	896114	5	3	4	4	4	1	2	0.6	0.8	0.8	0.8	0.2	0.4
54	172449	5	4	4	4	4	1	1	0.8	0.8	0.8	0.8	0.2	0.2
725	1392039	5	1	2	2	3	1	1	0.2	0.4	0.4	0.6	0.2	0.2
264	699806	5	1	1	2	3	1	1	0.2	0.2	0.4	0.6	0.2	0.2
270	706572	5	4	4	5	5	3	3	0.8	0.8	1.0	1.0	0.6	0.6
301	753483	5	1	2	3	3	1	1	0.2	0.4	0.6	0.6	0.2	0.2
295	739991	5	4	4	4	4	3	3	0.8	0.8	0.8	0.8	0.6	0.6
3	8189	5	3	5	5	5	0	1	0.6	1.0	1.0	1.0	0.0	0.2
730	1396499	5	3	4	4	4	1	2	0.6	0.8	0.8	0.8	0.2	0.4
294	739707	5	4	5	5	5	3	4	0.8	1.0	1.0	1.0	0.6	0.8
385	867573	5	2	4	4	4	0	1	0.4	0.8	0.8	0.8	0.0	0.2
766	1457715	5	5	5	5	5	4	4	1.0	1.0	1.0	1.0	0.8	0.8
26	109209	5	4	5	5	5	4	4	0.8	1.0	1.0	1.0	0.8	0.8
708	1362627	5	5	5	5	5	3	3	1.0	1.0	1.0	1.0	0.6	0.6
337	808732	5	3	3	4	4	3	3	0.6	0.6	0.8	0.8	0.6	0.6
46	158521	5	0	2	2	3	0	0	0.0	0.4	0.4	0.6	0.0	0.0
311	772809	5	0	0	0	0	0	0	0.0	0.0	0.0	0.0	0.0	0.0
45	158322	5	4	5	5	5	2	3	0.8	1.0	1.0	1.0	0.4	0.6
720	1380284	5	2	3	4	4	2	2	0.4	0.6	0.8	0.8	0.4	0.4
756	1441116	5	3	3	3	3	1	2	0.6	0.6	0.6	0.6	0.2	0.4
715	1375393	5	5	5	5	5	2	3	1.0	1.0	1.0	1.0	0.4	0.6
363	844210	5	4	4	4	4	3	3	0.8	0.8	0.8	0.8	0.6	0.6
145	301430	5	5	5	5	5	3	3	1.0	1.0	1.0	1.0	0.6	0.6
204	535314	5	2	2	2	3	0	1	0.4	0.4	0.4	0.6	0.0	0.2
445	955912	5	5	5	5	5	4	4	1.0	1.0	1.0	1.0	0.8	0.8
118	266010	5	2	2	2	3	0	1	0.4	0.4	0.4	0.6	0.0	0.2
189	499526	5	4	4	4	4	4	4	0.8	0.8	0.8	0.8	0.8	0.8
606	1207273	5	3	4	4	5	3	3	0.6	0.8	0.8	1.0	0.6	0.6
110	254072	5	4	5	5	5	1	2	0.8	1.0	1.0	1.0	0.2	0.4
109	253933	5	3	4	4	4	3	3	0.6	0.8	0.8	0.8	0.6	0.6
600	1193573	5	5	5	5	5	4	4	1.0	1.0	1.0	1.0	0.8	0.8
202	533598	5	1	2	2	3	1	1	0.2	0.4	0.4	0.6	0.2	0.2
471	991135	5	4	4	4	4	3	3	0.8	0.8	0.8	0.8	0.6	0.6
86	228604	5	5	5	5	5	5	5	1.0	1.0	1.0	1.0	1.0	1.0
656	1283984	5	2	3	3	3	0	0	0.4	0.6	0.6	0.6	0.0	0.0
235	630917	5	5	5	5	5	4	4	1.0	1.0	1.0	1.0	0.8	0.8
540	1097621	5	1	3	3	3	1	1	0.2	0.6	0.6	0.6	0.2	0.2
119	266815	5	1	3	4	5	0	0	0.2	0.6	0.8	1.0	0.0	0.0
58	175009	5	5	5	5	5	4	5	1.0	1.0	1.0	1.0	0.8	1.0
582	1159365	5	4	5	5	5	4	4	0.8	1.0	1.0	1.0	0.8	0.8
671	1307922	5	2	3	4	5	2	2	0.4	0.6	0.8	1.0	0.4	0.4
143	297677	5	4	4	4	5	3	3	0.8	0.8	0.8	1.0	0.6	0.6
418	909263	5	5	5	5	5	2	5	1.0	1.0	1.0	1.0	0.4	1.0
64	185849	5	1	2	2	3	0	0	0.2	0.4	0.4	0.6	0.0	0.0
436	941760	5	2	2	4	4	1	2	0.4	0.4	0.8	0.8	0.2	0.4
435	940013	5	1	2	2	2	0	1	0.2	0.4	0.4	0.4	0.0	0.2
427	923605	5	1	1	3	4	1	1	0.2	0.2	0.6	0.8	0.2	0.2
690	1337219	5	2	3	4	5	1	1	0.4	0.6	0.8	1.0	0.2	0.2
768	1457873	4	1	2	2	3	0	0	0.25	0.5	0.5	0.75	0.0	0.0
597	1188558	4	2	3	4	4	1	2	0.5	0.75	1.0	1.0	0.25	0.5
513	1060566	4	3	3	3	3	2	3	0.75	0.75	0.75	0.75	0.5	0.75
558	1132759	4	1	1	2	3	0	0	0.25	0.25	0.5	0.75	0.0	0.0
525	1087431	4	3	3	3	3	0	1	0.75	0.75	0.75	0.75	0.0	0.25
596	1188420	4	1	3	3	3	0	0	0.25	0.75	0.75	0.75	0.0	0.0
556	1131016	4	2	3	3	3	1	1	0.5	0.75	0.75	0.75	0.25	0.25
584	1168574	4	2	2	2	3	1	1	0.5	0.5	0.5	0.75	0.25	0.25
595	1187753	4	1	3	4	4	0	0	0.25	0.75	1.0	1.0	0.0	0.0
538	1096851	4	0	2	2	2	0	0	0.0	0.5	0.5	0.5	0.0	0.0
539	1096909	4	2	2	2	4	1	1	0.5	0.5	0.5	1.0	0.25	0.25
343	820041	4	2	3	3	4	1	1	0.5	0.75	0.75	1.0	0.25	0.25
757	1444451	4	2	3	3	3	1	1	0.5	0.75	0.75	0.75	0.25	0.25
740	1407216	4	4	4	4	4	3	3	1.0	1.0	1.0	1.0	0.75	0.75
548	1115060	4	3	3	3	3	2	3	0.75	0.75	0.75	0.75	0.5	0.75
758	1444489	4	2	2	2	3	1	1	0.5	0.5	0.5	0.75	0.25	0.25
698	1345126	4	1	1	1	1	0	0	0.25	0.25	0.25	0.25	0.0	0.0
608	1208219	4	1	1	2	2	1	1	0.25	0.25	0.5	0.5	0.25	0.25
492	1034450	4	4	4	4	4	3	3	1.0	1.0	1.0	1.0	0.75	0.75
417	906001	4	0	1	1	1	0	0	0.0	0.25	0.25	0.25	0.0	0.0
430	934915	4	0	1	2	3	0	0	0.0	0.25	0.5	0.75	0.0	0.0
434	939007	4	3	3	3	3	2	2	0.75	0.75	0.75	0.75	0.5	0.5
440	944603	4	0	0	2	2	0	0	0.0	0.0	0.5	0.5	0.0	0.0
572	1150425	4	2	3	3	3	1	1	0.5	0.75	0.75	0.75	0.25	0.25
394	878664	4	1	2	2	2	0	0	0.25	0.5	0.5	0.5	0.0	0.0
393	877753	4	1	2	3	3	1	1	0.25	0.5	0.75	0.75	0.25	0.25
389	872673	4	2	2	2	2	1	2	0.5	0.5	0.5	0.5	0.25	0.5
448	961341	4	3	3	3	3	1	2	0.75	0.75	0.75	0.75	0.25	0.5
660	1292050	4	3	3	3	3	1	3	0.75	0.75	0.75	0.75	0.25	0.75
658	1286702	4	2	3	4	4	2	2	0.5	0.75	1.0	1.0	0.5	0.5
645	1261237	4	4	4	4	4	0	1	1.0	1.0	1.0	1.0	0.0	0.25
467	979475	4	1	1	2	2	1	1	0.25	0.25	0.5	0.5	0.25	0.25
371	854046	4	0	1	2	2	0	0	0.0	0.25	0.5	0.5	0.0	0.0
639	1250704	4	3	3	3	3	3	3	0.75	0.75	0.75	0.75	0.75	0.75
480	1008082	4	3	4	4	4	2	2	0.75	1.0	1.0	1.0	0.5	0.5
412	900910	4	0	0	1	3	0	0	0.0	0.0	0.25	0.75	0.0	0.0
0	769	4	3	3	3	4	1	3	0.75	0.75	0.75	1.0	0.25	0.75
772	1466842	4	3	3	3	3	3	3	0.75	0.75	0.75	0.75	0.75	0.75
95	236066	4	1	2	2	2	1	1	0.25	0.5	0.5	0.5	0.25	0.25
254	674607	4	1	1	3	4	0	0	0.25	0.25	0.75	1.0	0.0	0.0
205	542327	4	1	1	2	2	0	0	0.25	0.25	0.5	0.5	0.0	0.0
292	738964	4	1	1	2	2	1	1	0.25	0.25	0.5	0.5	0.25	0.25
107	251548	4	1	1	1	1	0	1	0.25	0.25	0.25	0.25	0.0	0.25
61	183303	4	2	3	4	4	1	2	0.5	0.75	1.0	1.0	0.25	0.5
114	261723	4	3	3	3	3	0	2	0.75	0.75	0.75	0.75	0.0	0.5
210	560396	4	2	3	3	3	1	1	0.5	0.75	0.75	0.75	0.25	0.25
212	563433	4	3	4	4	4	2	2	0.75	1.0	1.0	1.0	0.5	0.5
216	571428	4	1	2	3	3	1	1	0.25	0.5	0.75	0.75	0.25	0.25
36	140878	4	1	2	3	3	0	1	0.25	0.5	0.75	0.75	0.0	0.25
30	115905	4	4	4	4	4	0	2	1.0	1.0	1.0	1.0	0.0	0.5
124	270897	4	1	2	4	4	1	1	0.25	0.5	1.0	1.0	0.25	0.25
258	678746	4	2	3	4	4	0	0	0.5	0.75	1.0	1.0	0.0	0.0
23	81464	4	3	3	4	4	3	3	0.75	0.75	1.0	1.0	0.75	0.75
20	73964	4	1	2	3	3	0	1	0.25	0.5	0.75	0.75	0.0	0.25
243	657818	4	3	3	3	3	0	2	0.75	0.75	0.75	0.75	0.0	0.5
185	494138	4	3	3	3	3	1	3	0.75	0.75	0.75	0.75	0.25	0.75
182	483149	4	0	1	2	2	0	0	0.0	0.25	0.5	0.5	0.0	0.0
2	4724	4	0	0	1	2	0	0	0.0	0.0	0.25	0.5	0.0	0.0
105	250351	4	4	4	4	4	3	3	1.0	1.0	1.0	1.0	0.75	0.75
541	1098440	3	1	1	1	1	1	1	0.3333333333333333	0.3333333333333333	0.3333333333333333	0.3333333333333333	0.3333333333333333	0.3333333333333333
180	464144	3	1	1	1	2	0	0	0.3333333333333333	0.3333333333333333	0.3333333333333333	0.6666666666666666	0.0	0.0
528	1089470	3	2	2	2	2	2	2	0.6666666666666666	0.6666666666666666	0.6666666666666666	0.6666666666666666	0.6666666666666666	0.6666666666666666
523	1084883	3	2	2	2	2	1	2	0.6666666666666666	0.6666666666666666	0.6666666666666666	0.6666666666666666	0.3333333333333333	0.6666666666666666
536	1095721	3	1	2	3	3	1	1	0.3333333333333333	0.6666666666666666	1.0	1.0	0.3333333333333333	0.3333333333333333
328	792049	3	3	3	3	3	0	1	1.0	1.0	1.0	1.0	0.0	0.3333333333333333
166	398647	3	2	2	2	2	1	2	0.6666666666666666	0.6666666666666666	0.6666666666666666	0.6666666666666666	0.3333333333333333	0.6666666666666666
545	1111768	3	3	3	3	3	2	3	1.0	1.0	1.0	1.0	0.6666666666666666	1.0
521	1078518	3	3	3	3	3	2	2	1.0	1.0	1.0	1.0	0.6666666666666666	0.6666666666666666
547	1114621	3	0	0	0	0	0	0	0.0	0.0	0.0	0.0	0.0	0.0
163	392797	3	2	3	3	3	2	2	0.6666666666666666	1.0	1.0	1.0	0.6666666666666666	0.6666666666666666
153	360504	3	2	2	2	2	0	0	0.6666666666666666	0.6666666666666666	0.6666666666666666	0.6666666666666666	0.0	0.0
562	1135955	3	1	1	2	2	0	0	0.3333333333333333	0.3333333333333333	0.6666666666666666	0.6666666666666666	0.0	0.0
546	1112625	3	2	2	2	3	2	2	0.6666666666666666	0.6666666666666666	0.6666666666666666	1.0	0.6666666666666666	0.6666666666666666
198	529759	3	3	3	3	3	2	2	1.0	1.0	1.0	1.0	0.6666666666666666	0.6666666666666666
188	497232	3	1	1	2	3	0	0	0.3333333333333333	0.3333333333333333	0.6666666666666666	1.0	0.0	0.0
475	997888	3	2	2	3	3	2	2	0.6666666666666666	0.6666666666666666	1.0	1.0	0.6666666666666666	0.6666666666666666
250	666460	3	2	2	2	3	2	2	0.6666666666666666	0.6666666666666666	0.6666666666666666	1.0	0.6666666666666666	0.6666666666666666
246	661279	3	2	2	2	2	1	2	0.6666666666666666	0.6666666666666666	0.6666666666666666	0.6666666666666666	0.3333333333333333	0.6666666666666666
238	633279	3	3	3	3	3	2	3	1.0	1.0	1.0	1.0	0.6666666666666666	1.0
443	950689	3	1	1	1	1	1	1	0.3333333333333333	0.3333333333333333	0.3333333333333333	0.3333333333333333	0.3333333333333333	0.3333333333333333
455	966570	3	1	1	3	3	0	0	0.3333333333333333	0.3333333333333333	1.0	1.0	0.0	0.0
464	977154	3	0	0	1	3	0	0	0.0	0.0	0.3333333333333333	1.0	0.0	0.0
211	562095	3	2	2	2	2	2	2	0.6666666666666666	0.6666666666666666	0.6666666666666666	0.6666666666666666	0.6666666666666666	0.6666666666666666
208	554193	3	0	1	1	1	0	0	0.0	0.3333333333333333	0.3333333333333333	0.3333333333333333	0.0	0.0
191	506246	3	3	3	3	3	2	2	1.0	1.0	1.0	1.0	0.6666666666666666	0.6666666666666666
481	1008631	3	2	2	3	3	1	1	0.6666666666666666	0.6666666666666666	1.0	1.0	0.3333333333333333	0.3333333333333333
485	1014740	3	1	2	3	3	1	1	0.3333333333333333	0.6666666666666666	1.0	1.0	0.3333333333333333	0.3333333333333333
490	1032210	3	2	3	3	3	1	1	0.6666666666666666	1.0	1.0	1.0	0.3333333333333333	0.3333333333333333
201	533035	3	2	2	2	2	1	2	0.6666666666666666	0.6666666666666666	0.6666666666666666	0.6666666666666666	0.3333333333333333	0.6666666666666666
565	1138988	3	2	3	3	3	1	2	0.6666666666666666	1.0	1.0	1.0	0.3333333333333333	0.6666666666666666
197	524921	3	1	3	3	3	0	0	0.3333333333333333	1.0	1.0	1.0	0.0	0.0
193	511578	3	3	3	3	3	3	3	1.0	1.0	1.0	1.0	1.0	1.0
564	1137977	3	1	1	1	1	1	1	0.3333333333333333	0.3333333333333333	0.3333333333333333	0.3333333333333333	0.3333333333333333	0.3333333333333333
122	269114	3	2	3	3	3	1	2	0.6666666666666666	1.0	1.0	1.0	0.3333333333333333	0.6666666666666666
566	1139147	3	3	3	3	3	2	2	1.0	1.0	1.0	1.0	0.6666666666666666	0.6666666666666666
669	1304182	3	0	1	2	2	0	0	0.0	0.3333333333333333	0.6666666666666666	0.6666666666666666	0.0	0.0
73	198695	3	2	2	2	3	0	0	0.6666666666666666	0.6666666666666666	0.6666666666666666	1.0	0.0	0.0
67	189874	3	2	3	3	3	0	0	0.6666666666666666	1.0	1.0	1.0	0.0	0.0
689	1336433	3	3	3	3	3	3	3	1.0	1.0	1.0	1.0	1.0	1.0
66	188273	3	2	3	3	3	1	1	0.6666666666666666	1.0	1.0	1.0	0.3333333333333333	0.3333333333333333
60	180813	3	2	2	2	2	2	2	0.6666666666666666	0.6666666666666666	0.6666666666666666	0.6666666666666666	0.6666666666666666	0.6666666666666666
57	174485	3	2	2	2	2	1	2	0.6666666666666666	0.6666666666666666	0.6666666666666666	0.6666666666666666	0.3333333333333333	0.6666666666666666
703	1353338	3	2	3	3	3	0	1	0.6666666666666666	1.0	1.0	1.0	0.0	0.3333333333333333
704	1353524	3	3	3	3	3	2	3	1.0	1.0	1.0	1.0	0.6666666666666666	1.0
718	1376513	3	3	3	3	3	3	3	1.0	1.0	1.0	1.0	1.0	1.0
735	1402888	3	1	1	1	2	0	0	0.3333333333333333	0.3333333333333333	0.3333333333333333	0.6666666666666666	0.0	0.0
737	1403970	3	2	3	3	3	2	2	0.6666666666666666	1.0	1.0	1.0	0.6666666666666666	0.6666666666666666
27	110599	3	0	0	1	2	0	0	0.0	0.0	0.3333333333333333	0.6666666666666666	0.0	0.0
746	1415571	3	2	2	2	2	2	2	0.6666666666666666	0.6666666666666666	0.6666666666666666	0.6666666666666666	0.6666666666666666	0.6666666666666666
12	33988	3	3	3	3	3	2	3	1.0	1.0	1.0	1.0	0.6666666666666666	1.0
8	28537	3	3	3	3	3	1	3	1.0	1.0	1.0	1.0	0.3333333333333333	1.0
4	9280	3	2	2	2	3	2	2	0.6666666666666666	0.6666666666666666	0.6666666666666666	1.0	0.6666666666666666	0.6666666666666666
769	1462423	3	3	3	3	3	1	2	1.0	1.0	1.0	1.0	0.3333333333333333	0.6666666666666666
673	1309979	3	2	2	2	2	0	0	0.6666666666666666	0.6666666666666666	0.6666666666666666	0.6666666666666666	0.0	0.0
667	1302307	3	1	1	1	1	1	1	0.3333333333333333	0.3333333333333333	0.3333333333333333	0.3333333333333333	0.3333333333333333	0.3333333333333333
146	313505	3	3	3	3	3	3	3	1.0	1.0	1.0	1.0	1.0	1.0
87	229507	3	0	0	0	0	0	0	0.0	0.0	0.0	0.0	0.0	0.0
575	1151716	3	3	3	3	3	0	1	1.0	1.0	1.0	1.0	0.0	0.3333333333333333
144	298011	3	2	2	2	2	1	1	0.6666666666666666	0.6666666666666666	0.6666666666666666	0.6666666666666666	0.3333333333333333	0.3333333333333333
136	290485	3	1	1	1	2	1	1	0.3333333333333333	0.3333333333333333	0.3333333333333333	0.6666666666666666	0.3333333333333333	0.3333333333333333
121	268886	3	3	3	3	3	3	3	1.0	1.0	1.0	1.0	1.0	1.0
610	1208697	3	1	1	2	2	1	1	0.3333333333333333	0.3333333333333333	0.6666666666666666	0.6666666666666666	0.3333333333333333	0.3333333333333333
106	250843	3	2	3	3	3	2	2	0.6666666666666666	1.0	1.0	1.0	0.6666666666666666	0.6666666666666666
617	1218481	3	2	3	3	3	2	2	0.6666666666666666	1.0	1.0	1.0	0.6666666666666666	0.6666666666666666
103	248057	3	3	3	3	3	2	2	1.0	1.0	1.0	1.0	0.6666666666666666	0.6666666666666666
626	1233377	3	3	3	3	3	2	2	1.0	1.0	1.0	1.0	0.6666666666666666	0.6666666666666666
100	239751	3	1	1	1	1	0	0	0.3333333333333333	0.3333333333333333	0.3333333333333333	0.3333333333333333	0.0	0.0
637	1247360	3	2	2	2	2	0	1	0.6666666666666666	0.6666666666666666	0.6666666666666666	0.6666666666666666	0.0	0.3333333333333333
642	1258531	3	1	1	1	2	1	1	0.3333333333333333	0.3333333333333333	0.3333333333333333	0.6666666666666666	0.3333333333333333	0.3333333333333333
92	234274	3	3	3	3	3	1	2	1.0	1.0	1.0	1.0	0.3333333333333333	0.6666666666666666
647	1271498	3	0	3	3	3	0	0	0.0	1.0	1.0	1.0	0.0	0.0
648	1273774	3	3	3	3	3	2	2	1.0	1.0	1.0	1.0	0.6666666666666666	0.6666666666666666
88	231093	3	1	1	1	1	0	1	0.3333333333333333	0.3333333333333333	0.3333333333333333	0.3333333333333333	0.0	0.3333333333333333
652	1279265	3	2	2	2	2	1	1	0.6666666666666666	0.6666666666666666	0.6666666666666666	0.6666666666666666	0.3333333333333333	0.3333333333333333
429	929156	3	1	1	1	1	1	1	0.3333333333333333	0.3333333333333333	0.3333333333333333	0.3333333333333333	0.3333333333333333	0.3333333333333333
550	1120503	3	2	2	2	2	1	2	0.6666666666666666	0.6666666666666666	0.6666666666666666	0.6666666666666666	0.3333333333333333	0.6666666666666666
362	841995	3	0	1	1	1	0	0	0.0	0.3333333333333333	0.3333333333333333	0.3333333333333333	0.0	0.0
366	848112	3	2	3	3	3	2	2	0.6666666666666666	1.0	1.0	1.0	0.6666666666666666	0.6666666666666666
381	862908	3	2	2	2	2	0	2	0.6666666666666666	0.6666666666666666	0.6666666666666666	0.6666666666666666	0.0	0.6666666666666666
380	862209	3	3	3	3	3	2	3	1.0	1.0	1.0	1.0	0.6666666666666666	1.0
266	701336	3	3	3	3	3	2	3	1.0	1.0	1.0	1.0	0.6666666666666666	1.0
262	693517	3	2	2	2	3	2	2	0.6666666666666666	0.6666666666666666	0.6666666666666666	1.0	0.6666666666666666	0.6666666666666666
316	777529	3	1	3	3	3	1	1	0.3333333333333333	1.0	1.0	1.0	0.3333333333333333	0.3333333333333333
268	703621	3	2	2	2	2	2	2	0.6666666666666666	0.6666666666666666	0.6666666666666666	0.6666666666666666	0.6666666666666666	0.6666666666666666
377	858090	3	2	2	2	2	0	1	0.6666666666666666	0.6666666666666666	0.6666666666666666	0.6666666666666666	0.0	0.3333333333333333
284	728712	3	3	3	3	3	1	2	1.0	1.0	1.0	1.0	0.3333333333333333	0.6666666666666666
376	857635	3	1	3	3	3	0	1	0.3333333333333333	1.0	1.0	1.0	0.0	0.3333333333333333
293	739049	3	2	2	2	3	1	1	0.6666666666666666	0.6666666666666666	0.6666666666666666	1.0	0.3333333333333333	0.3333333333333333
369	853534	3	2	2	2	2	1	2	0.6666666666666666	0.6666666666666666	0.6666666666666666	0.6666666666666666	0.3333333333333333	0.6666666666666666
334	804519	3	3	3	3	3	1	2	1.0	1.0	1.0	1.0	0.3333333333333333	0.6666666666666666
367	848444	3	3	3	3	3	1	1	1.0	1.0	1.0	1.0	0.3333333333333333	0.3333333333333333
419	910686	3	1	2	2	2	1	1	0.3333333333333333	0.6666666666666666	0.6666666666666666	0.6666666666666666	0.3333333333333333	0.3333333333333333
372	854284	3	1	1	1	1	1	1	0.3333333333333333	0.3333333333333333	0.3333333333333333	0.3333333333333333	0.3333333333333333	0.3333333333333333
421	915687	3	1	1	1	2	1	1	0.3333333333333333	0.3333333333333333	0.3333333333333333	0.6666666666666666	0.3333333333333333	0.3333333333333333
358	838197	3	0	0	0	0	0	0	0.0	0.0	0.0	0.0	0.0	0.0
255	675039	3	3	3	3	3	0	0	1.0	1.0	1.0	1.0	0.0	0.0
396	887039	3	2	2	2	3	2	2	0.6666666666666666	0.6666666666666666	0.6666666666666666	1.0	0.6666666666666666	0.6666666666666666
326	790401	3	1	1	1	1	0	0	0.3333333333333333	0.3333333333333333	0.3333333333333333	0.3333333333333333	0.0	0.0
382	864829	3	1	1	1	1	0	0	0.3333333333333333	0.3333333333333333	0.3333333333333333	0.3333333333333333	0.0	0.0
277	711885	3	3	3	3	3	2	3	1.0	1.0	1.0	1.0	0.6666666666666666	1.0
168	416767	2	2	2	2	2	2	2	1.0	1.0	1.0	1.0	1.0	1.0
55	172944	2	1	2	2	2	0	0	0.5	1.0	1.0	1.0	0.0	0.0
287	731793	2	1	1	1	2	0	0	0.5	0.5	0.5	1.0	0.0	0.0
522	1080768	2	0	0	0	1	0	0	0.0	0.0	0.0	0.5	0.0	0.0
285	730928	2	2	2	2	2	2	2	1.0	1.0	1.0	1.0	1.0	1.0
43	149713	2	2	2	2	2	2	2	1.0	1.0	1.0	1.0	1.0	1.0
155	371239	2	2	2	2	2	1	2	1.0	1.0	1.0	1.0	0.5	1.0
712	1366461	2	1	1	2	2	1	1	0.5	0.5	1.0	1.0	0.5	0.5
52	170567	2	1	1	1	2	1	1	0.5	0.5	0.5	1.0	0.5	0.5
157	378247	2	1	1	1	2	0	0	0.5	0.5	0.5	1.0	0.0	0.0
524	1085615	2	2	2	2	2	1	1	1.0	1.0	1.0	1.0	0.5	0.5
159	386545	2	2	2	2	2	2	2	1.0	1.0	1.0	1.0	1.0	1.0
181	475415	2	1	2	2	2	1	1	0.5	1.0	1.0	1.0	0.5	0.5
554	1126876	2	2	2	2	2	2	2	1.0	1.0	1.0	1.0	1.0	1.0
50	168560	2	2	2	2	2	1	2	1.0	1.0	1.0	1.0	0.5	1.0
42	148894	2	0	0	1	2	0	0	0.0	0.0	0.5	1.0	0.0	0.0
160	387639	2	1	1	1	1	1	1	0.5	0.5	0.5	0.5	0.5	0.5
178	456617	2	0	0	0	0	0	0	0.0	0.0	0.0	0.0	0.0	0.0
175	441011	2	2	2	2	2	2	2	1.0	1.0	1.0	1.0	1.0	1.0
281	718370	2	2	2	2	2	0	2	1.0	1.0	1.0	1.0	0.0	1.0
313	775729	2	0	0	0	0	0	0	0.0	0.0	0.0	0.0	0.0	0.0
164	393605	2	2	2	2	2	1	2	1.0	1.0	1.0	1.0	0.5	1.0
390	874227	2	1	1	1	1	1	1	0.5	0.5	0.5	0.5	0.5	0.5
544	1108096	2	1	1	1	1	1	1	0.5	0.5	0.5	0.5	0.5	0.5
391	874281	2	1	1	2	2	1	1	0.5	0.5	1.0	1.0	0.5	0.5
167	407545	2	1	1	1	2	0	0	0.5	0.5	0.5	1.0	0.0	0.0
567	1145328	2	1	1	1	1	1	1	0.5	0.5	0.5	0.5	0.5	0.5
392	877477	2	1	1	1	1	0	1	0.5	0.5	0.5	0.5	0.0	0.5
537	1096153	2	1	1	2	2	0	0	0.5	0.5	1.0	1.0	0.0	0.0
711	1365380	2	0	0	0	0	0	0	0.0	0.0	0.0	0.0	0.0	0.0
351	828718	2	0	1	1	2	0	0	0.0	0.5	0.5	1.0	0.0	0.0
346	821358	2	2	2	2	2	2	2	1.0	1.0	1.0	1.0	1.0	1.0
59	179537	2	2	2	2	2	1	2	1.0	1.0	1.0	1.0	0.5	1.0
355	835240	2	0	1	1	1	0	0	0.0	0.5	0.5	0.5	0.0	0.0
662	1295840	2	1	2	2	2	0	0	0.5	1.0	1.0	1.0	0.0	0.0
77	208939	2	0	0	0	0	0	0	0.0	0.0	0.0	0.0	0.0	0.0
624	1228931	2	2	2	2	2	1	1	1.0	1.0	1.0	1.0	0.5	0.5
625	1229982	2	0	0	0	0	0	0	0.0	0.0	0.0	0.0	0.0	0.0
83	220302	2	2	2	2	2	1	1	1.0	1.0	1.0	1.0	0.5	0.5
629	1236582	2	0	0	1	1	0	0	0.0	0.0	0.5	0.5	0.0	0.0
655	1282072	2	0	2	2	2	0	0	0.0	1.0	1.0	1.0	0.0	0.0
102	247634	2	0	0	0	1	0	0	0.0	0.0	0.0	0.5	0.0	0.0
98	238610	2	1	2	2	2	0	1	0.5	1.0	1.0	1.0	0.0	0.5
97	236844	2	2	2	2	2	1	2	1.0	1.0	1.0	1.0	0.5	1.0
359	838682	2	1	2	2	2	0	0	0.5	1.0	1.0	1.0	0.0	0.0
360	840233	2	1	1	2	2	1	1	0.5	0.5	1.0	1.0	0.5	0.5
302	754814	2	1	1	1	1	1	1	0.5	0.5	0.5	0.5	0.5	0.5
643	1260178	2	2	2	2	2	1	1	1.0	1.0	1.0	1.0	0.5	0.5
609	1208317	2	0	0	0	0	0	0	0.0	0.0	0.0	0.0	0.0	0.0
668	1304078	2	2	2	2	2	1	2	1.0	1.0	1.0	1.0	0.5	1.0
607	1207725	2	1	2	2	2	0	0	0.5	1.0	1.0	1.0	0.0	0.0
129	280304	2	1	1	1	1	1	1	0.5	0.5	0.5	0.5	0.5	0.5
693	1343562	2	1	1	2	2	1	1	0.5	0.5	1.0	1.0	0.5	0.5
312	774066	2	0	1	1	1	0	0	0.0	0.5	0.5	0.5	0.0	0.0
576	1151946	2	1	1	1	1	1	1	0.5	0.5	0.5	0.5	0.5	0.5
717	1375579	2	2	2	2	2	2	2	1.0	1.0	1.0	1.0	1.0	1.0
142	296688	2	1	1	1	1	0	1	0.5	0.5	0.5	0.5	0.0	0.5
685	1323868	2	2	2	2	2	0	0	1.0	1.0	1.0	1.0	0.0	0.0
680	1315661	2	1	2	2	2	1	1	0.5	1.0	1.0	1.0	0.5	0.5
115	264641	2	0	0	0	0	0	0	0.0	0.0	0.0	0.0	0.0	0.0
589	1173321	2	2	2	2	2	2	2	1.0	1.0	1.0	1.0	1.0	1.0
677	1314578	2	2	2	2	2	1	1	1.0	1.0	1.0	1.0	0.5	0.5
126	276906	2	1	1	1	2	1	1	0.5	0.5	0.5	1.0	0.5	0.5
123	269978	2	2	2	2	2	2	2	1.0	1.0	1.0	1.0	1.0	1.0
602	1195821	2	2	2	2	2	1	1	1.0	1.0	1.0	1.0	0.5	0.5
75	207415	2	2	2	2	2	2	2	1.0	1.0	1.0	1.0	1.0	1.0
520	1074120	2	2	2	2	2	2	2	1.0	1.0	1.0	1.0	1.0	1.0
386	869409	2	1	1	1	2	0	0	0.5	0.5	0.5	1.0	0.0	0.0
535	1095091	2	2	2	2	2	2	2	1.0	1.0	1.0	1.0	1.0	1.0
232	620324	2	1	1	1	1	0	1	0.5	0.5	0.5	0.5	0.0	0.5
21	78050	2	1	1	1	1	0	1	0.5	0.5	0.5	0.5	0.0	0.5
747	1416902	2	2	2	2	2	2	2	1.0	1.0	1.0	1.0	1.0	1.0
320	782256	2	1	1	2	2	0	1	0.5	0.5	1.0	1.0	0.0	0.5
319	781522	2	2	2	2	2	2	2	1.0	1.0	1.0	1.0	1.0	1.0
24	101953	2	2	2	2	2	1	1	1.0	1.0	1.0	1.0	0.5	0.5
741	1407263	2	0	0	0	0	0	0	0.0	0.0	0.0	0.0	0.0	0.0
233	627100	2	0	0	0	0	0	0	0.0	0.0	0.0	0.0	0.0	0.0
493	1034786	2	2	2	2	2	2	2	1.0	1.0	1.0	1.0	1.0	1.0
206	542772	2	1	1	1	1	0	0	0.5	0.5	0.5	0.5	0.0	0.0
483	1012696	2	0	0	0	0	0	0	0.0	0.0	0.0	0.0	0.0	0.0
739	1405972	2	0	0	0	0	0	0	0.0	0.0	0.0	0.0	0.0	0.0
236	632190	2	1	1	1	2	1	1	0.5	0.5	0.5	1.0	0.5	0.5
9	31440	2	2	2	2	2	2	2	1.0	1.0	1.0	1.0	1.0	1.0
406	897411	2	2	2	2	2	2	2	1.0	1.0	1.0	1.0	1.0	1.0
230	613983	2	1	1	1	1	1	1	0.5	0.5	0.5	0.5	0.5	0.5
750	1428555	2	2	2	2	2	2	2	1.0	1.0	1.0	1.0	1.0	1.0
228	612802	2	1	1	1	1	0	0	0.5	0.5	0.5	0.5	0.0	0.0
15	45410	2	0	1	2	2	0	0	0.0	0.5	1.0	1.0	0.0	0.0
751	1429576	2	0	0	0	0	0	0	0.0	0.0	0.0	0.0	0.0	0.0
454	964652	2	0	0	1	2	0	0	0.0	0.0	0.5	1.0	0.0	0.0
259	683479	2	0	0	1	1	0	0	0.0	0.0	0.5	0.5	0.0	0.0
226	610663	2	1	2	2	2	0	1	0.5	1.0	1.0	1.0	0.0	0.5
261	692257	2	2	2	2	2	0	2	1.0	1.0	1.0	1.0	0.0	1.0
753	1437124	2	1	1	2	2	1	1	0.5	0.5	1.0	1.0	0.5	0.5
457	969616	2	1	2	2	2	0	1	0.5	1.0	1.0	1.0	0.0	0.5
458	971948	2	0	0	0	1	0	0	0.0	0.0	0.0	0.5	0.0	0.0
260	689456	2	2	2	2	2	2	2	1.0	1.0	1.0	1.0	1.0	1.0
18	69988	2	2	2	2	2	0	1	1.0	1.0	1.0	1.0	0.0	0.5
16	60339	2	2	2	2	2	1	1	1.0	1.0	1.0	1.0	0.5	0.5
755	1438406	2	0	2	2	2	0	0	0.0	1.0	1.0	1.0	0.0	0.0
17	61035	2	0	0	0	1	0	0	0.0	0.0	0.0	0.5	0.0	0.0
28	113005	2	2	2	2	2	1	1	1.0	1.0	1.0	1.0	0.5	0.5
486	1018130	2	1	1	1	1	1	1	0.5	0.5	0.5	0.5	0.5	0.5
733	1399315	2	1	1	1	1	0	0	0.5	0.5	0.5	0.5	0.0	0.0
195	514714	2	1	1	1	1	1	1	0.5	0.5	0.5	0.5	0.5	0.5
331	801682	2	0	0	0	0	0	0	0.0	0.0	0.0	0.0	0.0	0.0
183	491095	2	1	1	1	1	1	1	0.5	0.5	0.5	0.5	0.5	0.5
184	492924	2	1	2	2	2	1	1	0.5	1.0	1.0	1.0	0.5	0.5
722	1385493	2	1	2	2	2	0	0	0.5	1.0	1.0	1.0	0.0	0.0
247	663978	2	2	2	2	2	2	2	1.0	1.0	1.0	1.0	1.0	1.0
723	1387785	2	0	0	1	1	0	0	0.0	0.0	0.5	0.5	0.0	0.0
244	659001	2	0	1	2	2	0	0	0.0	0.5	1.0	1.0	0.0	0.0
400	890826	2	2	2	2	2	1	1	1.0	1.0	1.0	1.0	0.5	0.5
242	655308	2	2	2	2	2	1	1	1.0	1.0	1.0	1.0	0.5	0.5
726	1392199	2	2	2	2	2	1	1	1.0	1.0	1.0	1.0	0.5	0.5
35	129188	2	0	1	1	1	0	0	0.0	0.5	0.5	0.5	0.0	0.0
503	1044106	2	2	2	2	2	1	1	1.0	1.0	1.0	1.0	0.5	0.5
224	609564	2	1	2	2	2	1	1	0.5	1.0	1.0	1.0	0.5	0.5
496	1036836	2	0	0	0	0	0	0	0.0	0.0	0.0	0.0	0.0	0.0
498	1038440	2	2	2	2	2	1	2	1.0	1.0	1.0	1.0	0.5	1.0
7	18647	2	2	2	2	2	0	2	1.0	1.0	1.0	1.0	0.0	1.0
341	814926	2	2	2	2	2	2	2	1.0	1.0	1.0	1.0	1.0	1.0
420	911491	2	0	0	1	1	0	0	0.0	0.0	0.5	0.5	0.0	0.0
499	1039118	2	1	2	2	2	1	1	0.5	1.0	1.0	1.0	0.5	0.5
11	33735	1	0	0	0	0	0	0	0.0	0.0	0.0	0.0	0.0	0.0
672	1309792	1	1	1	1	1	1	1	1.0	1.0	1.0	1.0	1.0	1.0
309	769355	1	0	0	0	0	0	0	0.0	0.0	0.0	0.0	0.0	0.0
657	1286076	1	0	0	0	0	0	0	0.0	0.0	0.0	0.0	0.0	0.0
80	214304	1	1	1	1	1	0	0	1.0	1.0	1.0	1.0	0.0	0.0
670	1305708	1	1	1	1	1	1	1	1.0	1.0	1.0	1.0	1.0	1.0
330	793693	1	1	1	1	1	0	0	1.0	1.0	1.0	1.0	0.0	0.0
354	832834	1	1	1	1	1	0	1	1.0	1.0	1.0	1.0	0.0	1.0
771	1465398	1	0	0	1	1	0	0	0.0	0.0	1.0	1.0	0.0	0.0
81	215488	1	1	1	1	1	1	1	1.0	1.0	1.0	1.0	1.0	1.0
765	1454345	1	1	1	1	1	0	1	1.0	1.0	1.0	1.0	0.0	1.0
305	757736	1	1	1	1	1	0	1	1.0	1.0	1.0	1.0	0.0	1.0
661	1292513	1	0	0	0	0	0	0	0.0	0.0	0.0	0.0	0.0	0.0
767	1457832	1	1	1	1	1	0	0	1.0	1.0	1.0	1.0	0.0	0.0
651	1278896	1	1	1	1	1	0	1	1.0	1.0	1.0	1.0	0.0	1.0
304	756950	1	1	1	1	1	0	0	1.0	1.0	1.0	1.0	0.0	0.0
76	208776	1	1	1	1	1	0	0	1.0	1.0	1.0	1.0	0.0	0.0
325	790043	1	0	1	1	1	0	0	0.0	1.0	1.0	1.0	0.0	0.0
653	1280014	1	1	1	1	1	0	1	1.0	1.0	1.0	1.0	0.0	1.0
665	1297483	1	1	1	1	1	1	1	1.0	1.0	1.0	1.0	1.0	1.0
5	11447	1	1	1	1	1	1	1	1.0	1.0	1.0	1.0	1.0	1.0
664	1297207	1	1	1	1	1	1	1	1.0	1.0	1.0	1.0	1.0	1.0
663	1296804	1	0	0	0	0	0	0	0.0	0.0	0.0	0.0	0.0	0.0
13	39346	1	1	1	1	1	0	1	1.0	1.0	1.0	1.0	0.0	1.0
649	1273944	1	1	1	1	1	1	1	1.0	1.0	1.0	1.0	1.0	1.0
315	777011	1	1	1	1	1	0	1	1.0	1.0	1.0	1.0	0.0	1.0
674	1311971	1	0	0	0	1	0	0	0.0	0.0	0.0	1.0	0.0	0.0
317	777555	1	1	1	1	1	1	1	1.0	1.0	1.0	1.0	1.0	1.0
736	1403538	1	0	0	0	0	0	0	0.0	0.0	0.0	0.0	0.0	0.0
732	1398448	1	0	0	0	0	0	0	0.0	0.0	0.0	0.0	0.0	0.0
344	820253	1	1	1	1	1	1	1	1.0	1.0	1.0	1.0	1.0	1.0
705	1358129	1	1	1	1	1	1	1	1.0	1.0	1.0	1.0	1.0	1.0
706	1361580	1	1	1	1	1	1	1	1.0	1.0	1.0	1.0	1.0	1.0
31	116544	1	1	1	1	1	1	1	1.0	1.0	1.0	1.0	1.0	1.0
729	1395617	1	1	1	1	1	1	1	1.0	1.0	1.0	1.0	1.0	1.0
49	167520	1	1	1	1	1	1	1	1.0	1.0	1.0	1.0	1.0	1.0
48	163011	1	1	1	1	1	1	1	1.0	1.0	1.0	1.0	1.0	1.0
709	1364726	1	1	1	1	1	0	0	1.0	1.0	1.0	1.0	0.0	0.0
94	235078	1	1	1	1	1	0	1	1.0	1.0	1.0	1.0	0.0	1.0
728	1394527	1	1	1	1	1	1	1	1.0	1.0	1.0	1.0	1.0	1.0
342	817063	1	1	1	1	1	0	1	1.0	1.0	1.0	1.0	0.0	1.0
713	1370259	1	1	1	1	1	0	1	1.0	1.0	1.0	1.0	0.0	1.0
38	144084	1	0	0	0	0	0	0	0.0	0.0	0.0	0.0	0.0	0.0
41	147918	1	1	1	1	1	0	0	1.0	1.0	1.0	1.0	0.0	0.0
721	1380303	1	1	1	1	1	0	0	1.0	1.0	1.0	1.0	0.0	0.0
40	145318	1	1	1	1	1	1	1	1.0	1.0	1.0	1.0	1.0	1.0
39	144949	1	0	0	0	1	0	0	0.0	0.0	0.0	1.0	0.0	0.0
51	169787	1	0	1	1	1	0	0	0.0	1.0	1.0	1.0	0.0	0.0
738	1404544	1	0	0	0	0	0	0	0.0	0.0	0.0	0.0	0.0	0.0
310	770708	1	1	1	1	1	1	1	1.0	1.0	1.0	1.0	1.0	1.0
699	1345286	1	0	1	1	1	0	0	0.0	1.0	1.0	1.0	0.0	0.0
676	1314257	1	0	0	0	0	0	0	0.0	0.0	0.0	0.0	0.0	0.0
678	1314745	1	1	1	1	1	0	0	1.0	1.0	1.0	1.0	0.0	0.0
70	193566	1	0	0	0	0	0	0	0.0	0.0	0.0	0.0	0.0	0.0
752	1434231	1	0	0	1	1	0	0	0.0	0.0	1.0	1.0	0.0	0.0
681	1318376	1	0	1	1	1	0	0	0.0	1.0	1.0	1.0	0.0	0.0
682	1319972	1	0	0	0	0	0	0	0.0	0.0	0.0	0.0	0.0	0.0
683	1320659	1	0	0	1	1	0	0	0.0	0.0	1.0	1.0	0.0	0.0
69	192202	1	1	1	1	1	1	1	1.0	1.0	1.0	1.0	1.0	1.0
719	1379438	1	1	1	1	1	1	1	1.0	1.0	1.0	1.0	1.0	1.0
687	1331757	1	1	1	1	1	1	1	1.0	1.0	1.0	1.0	1.0	1.0
322	783527	1	1	1	1	1	1	1	1.0	1.0	1.0	1.0	1.0	1.0
350	826668	1	1	1	1	1	1	1	1.0	1.0	1.0	1.0	1.0	1.0
349	825042	1	1	1	1	1	0	0	1.0	1.0	1.0	1.0	0.0	0.0
347	822491	1	0	0	0	0	0	0	0.0	0.0	0.0	0.0	0.0	0.0
744	1413415	1	0	0	0	0	0	0	0.0	0.0	0.0	0.0	0.0	0.0
743	1412022	1	0	1	1	1	0	0	0.0	1.0	1.0	1.0	0.0	0.0
338	811035	1	1	1	1	1	0	1	1.0	1.0	1.0	1.0	0.0	1.0
56	173987	1	1	1	1	1	0	0	1.0	1.0	1.0	1.0	0.0	0.0
697	1344701	1	1	1	1	1	0	0	1.0	1.0	1.0	1.0	0.0	0.0
68	191406	1	0	0	1	1	0	0	0.0	0.0	1.0	1.0	0.0	0.0
425	917217	1	1	1	1	1	1	1	1.0	1.0	1.0	1.0	1.0	1.0
300	751259	1	1	1	1	1	1	1	1.0	1.0	1.0	1.0	1.0	1.0
192	509554	1	1	1	1	1	0	1	1.0	1.0	1.0	1.0	0.0	1.0
484	1013852	1	0	0	0	0	0	0	0.0	0.0	0.0	0.0	0.0	0.0
408	900043	1	1	1	1	1	0	0	1.0	1.0	1.0	1.0	0.0	0.0
407	899796	1	1	1	1	1	0	1	1.0	1.0	1.0	1.0	0.0	1.0
488	1027837	1	1	1	1	1	1	1	1.0	1.0	1.0	1.0	1.0	1.0
489	1029704	1	1	1	1	1	1	1	1.0	1.0	1.0	1.0	1.0	1.0
200	532708	1	1	1	1	1	1	1	1.0	1.0	1.0	1.0	1.0	1.0
199	532308	1	0	0	0	1	0	0	0.0	0.0	0.0	1.0	0.0	0.0
495	1035262	1	1	1	1	1	1	1	1.0	1.0	1.0	1.0	1.0	1.0
273	709310	1	1	1	1	1	1	1	1.0	1.0	1.0	1.0	1.0	1.0
274	709563	1	1	1	1	1	0	0	1.0	1.0	1.0	1.0	0.0	0.0
501	1041770	1	1	1	1	1	1	1	1.0	1.0	1.0	1.0	1.0	1.0
402	893035	1	1	1	1	1	1	1	1.0	1.0	1.0	1.0	1.0	1.0
505	1046310	1	1	1	1	1	0	0	1.0	1.0	1.0	1.0	0.0	0.0
507	1047897	1	1	1	1	1	1	1	1.0	1.0	1.0	1.0	1.0	1.0
207	544831	1	0	0	1	1	0	0	0.0	0.0	1.0	1.0	0.0	0.0
510	1054953	1	1	1	1	1	1	1	1.0	1.0	1.0	1.0	1.0	1.0
186	496364	1	0	0	0	1	0	0	0.0	0.0	0.0	1.0	0.0	0.0
399	890446	1	0	0	0	0	0	0	0.0	0.0	0.0	0.0	0.0	0.0
515	1064233	1	1	1	1	1	1	1	1.0	1.0	1.0	1.0	1.0	1.0
279	713917	1	1	1	1	1	1	1	1.0	1.0	1.0	1.0	1.0	1.0
517	1070259	1	0	0	1	1	0	0	0.0	0.0	1.0	1.0	0.0	0.0
518	1070865	1	1	1	1	1	0	0	1.0	1.0	1.0	1.0	0.0	0.0
519	1071452	1	0	0	0	0	0	0	0.0	0.0	0.0	0.0	0.0	0.0
397	888315	1	1	1	1	1	1	1	1.0	1.0	1.0	1.0	1.0	1.0
395	884148	1	0	0	1	1	0	0	0.0	0.0	1.0	1.0	0.0	0.0
529	1089866	1	1	1	1	1	0	0	1.0	1.0	1.0	1.0	0.0	0.0
530	1090145	1	1	1	1	1	1	1	1.0	1.0	1.0	1.0	1.0	1.0
177	448832	1	1	1	1	1	1	1	1.0	1.0	1.0	1.0	1.0	1.0
409	900190	1	1	1	1	1	1	1	1.0	1.0	1.0	1.0	1.0	1.0
267	703367	1	1	1	1	1	1	1	1.0	1.0	1.0	1.0	1.0	1.0
171	428310	1	0	0	0	0	0	0	0.0	0.0	0.0	0.0	0.0	0.0
227	612334	1	0	0	0	0	0	0	0.0	0.0	0.0	0.0	0.0	0.0
251	666485	1	0	0	1	1	0	0	0.0	0.0	1.0	1.0	0.0	0.0
256	676496	1	0	0	0	0	0	0	0.0	0.0	0.0	0.0	0.0	0.0
249	666093	1	0	1	1	1	0	0	0.0	1.0	1.0	1.0	0.0	0.0
422	916321	1	1	1	1	1	1	1	1.0	1.0	1.0	1.0	1.0	1.0
437	942957	1	0	1	1	1	0	0	0.0	1.0	1.0	1.0	0.0	0.0
241	647157	1	0	0	0	0	0	0	0.0	0.0	0.0	0.0	0.0	0.0
240	643471	1	1	1	1	1	1	1	1.0	1.0	1.0	1.0	1.0	1.0
441	945178	1	1	1	1	1	0	0	1.0	1.0	1.0	1.0	0.0	0.0
442	950481	1	1	1	1	1	0	0	1.0	1.0	1.0	1.0	0.0	0.0
444	951628	1	0	0	0	0	0	0	0.0	0.0	0.0	0.0	0.0	0.0
237	632778	1	0	1	1	1	0	0	0.0	1.0	1.0	1.0	0.0	0.0
447	960983	1	1	1	1	1	1	1	1.0	1.0	1.0	1.0	1.0	1.0
231	620008	1	1	1	1	1	0	0	1.0	1.0	1.0	1.0	0.0	0.0
225	610031	1	1	1	1	1	1	1	1.0	1.0	1.0	1.0	1.0	1.0
478	1003321	1	1	1	1	1	1	1	1.0	1.0	1.0	1.0	1.0	1.0
220	600775	1	0	0	1	1	0	0	0.0	0.0	1.0	1.0	0.0	0.0
219	595069	1	1	1	1	1	1	1	1.0	1.0	1.0	1.0	1.0	1.0
218	579457	1	1	1	1	1	0	1	1.0	1.0	1.0	1.0	0.0	1.0
465	978329	1	1	1	1	1	1	1	1.0	1.0	1.0	1.0	1.0	1.0
217	575612	1	0	1	1	1	0	0	0.0	1.0	1.0	1.0	0.0	0.0
215	564828	1	0	0	0	0	0	0	0.0	0.0	0.0	0.0	0.0	0.0
470	985242	1	0	0	0	0	0	0	0.0	0.0	0.0	0.0	0.0	0.0
413	901378	1	1	1	1	1	1	1	1.0	1.0	1.0	1.0	1.0	1.0
473	994401	1	0	0	0	0	0	0	0.0	0.0	0.0	0.0	0.0	0.0
474	996652	1	0	1	1	1	0	0	0.0	1.0	1.0	1.0	0.0	0.0
411	900308	1	1	1	1	1	1	1	1.0	1.0	1.0	1.0	1.0	1.0
476	1000138	1	1	1	1	1	0	0	1.0	1.0	1.0	1.0	0.0	0.0
477	1000350	1	1	1	1	1	1	1	1.0	1.0	1.0	1.0	1.0	1.0
532	1094274	1	1	1	1	1	1	1	1.0	1.0	1.0	1.0	1.0	1.0
282	719992	1	0	0	0	0	0	0	0.0	0.0	0.0	0.0	0.0	0.0
96	236167	1	1	1	1	1	1	1	1.0	1.0	1.0	1.0	1.0	1.0
296	744966	1	1	1	1	1	0	0	1.0	1.0	1.0	1.0	0.0	0.0
125	272653	1	0	0	0	0	0	0	0.0	0.0	0.0	0.0	0.0	0.0
598	1190722	1	0	0	0	0	0	0	0.0	0.0	0.0	0.0	0.0	0.0
252	670979	1	0	0	1	1	0	0	0.0	0.0	1.0	1.0	0.0	0.0
375	857383	1	0	0	1	1	0	0	0.0	0.0	1.0	1.0	0.0	0.0
116	265749	1	0	0	0	0	0	0	0.0	0.0	0.0	0.0	0.0	0.0
290	736470	1	0	1	1	1	0	0	0.0	1.0	1.0	1.0	0.0	0.0
111	254477	1	0	0	0	1	0	0	0.0	0.0	0.0	1.0	0.0	0.0
291	736962	1	0	1	1	1	0	0	0.0	1.0	1.0	1.0	0.0	0.0
611	1210152	1	0	0	0	0	0	0	0.0	0.0	0.0	0.0	0.0	0.0
613	1216123	1	1	1	1	1	0	0	1.0	1.0	1.0	1.0	0.0	0.0
614	1216149	1	0	0	1	1	0	0	0.0	0.0	1.0	1.0	0.0	0.0
615	1216203	1	1	1	1	1	1	1	1.0	1.0	1.0	1.0	1.0	1.0
616	1217458	1	0	1	1	1	0	0	0.0	1.0	1.0	1.0	0.0	0.0
619	1219173	1	1	1	1	1	1	1	1.0	1.0	1.0	1.0	1.0	1.0
127	279287	1	1	1	1	1	0	0	1.0	1.0	1.0	1.0	0.0	0.0
104	249514	1	0	0	1	1	0	0	0.0	0.0	1.0	1.0	0.0	0.0
621	1226287	1	0	1	1	1	0	0	0.0	1.0	1.0	1.0	0.0	0.0
623	1228107	1	1	1	1	1	1	1	1.0	1.0	1.0	1.0	1.0	1.0
627	1233404	1	1	1	1	1	1	1	1.0	1.0	1.0	1.0	1.0	1.0
628	1233654	1	1	1	1	1	0	0	1.0	1.0	1.0	1.0	0.0	0.0
630	1237114	1	0	0	0	0	0	0	0.0	0.0	0.0	0.0	0.0	0.0
631	1237623	1	1	1	1	1	0	1	1.0	1.0	1.0	1.0	0.0	1.0
633	1237885	1	1	1	1	1	1	1	1.0	1.0	1.0	1.0	1.0	1.0
634	1239704	1	1	1	1	1	1	1	1.0	1.0	1.0	1.0	1.0	1.0
635	1240181	1	1	1	1	1	1	1	1.0	1.0	1.0	1.0	1.0	1.0
365	847759	1	1	1	1	1	1	1	1.0	1.0	1.0	1.0	1.0	1.0
297	746884	1	1	1	1	1	0	0	1.0	1.0	1.0	1.0	0.0	0.0
640	1254582	1	1	1	1	1	1	1	1.0	1.0	1.0	1.0	1.0	1.0
594	1183580	1	1	1	1	1	1	1	1.0	1.0	1.0	1.0	1.0	1.0
591	1178693	1	1	1	1	1	0	1	1.0	1.0	1.0	1.0	0.0	1.0
170	428015	1	1	1	1	1	1	1	1.0	1.0	1.0	1.0	1.0	1.0
569	1146681	1	1	1	1	1	1	1	1.0	1.0	1.0	1.0	1.0	1.0
169	419778	1	1	1	1	1	1	1	1.0	1.0	1.0	1.0	1.0	1.0
283	724117	1	0	0	1	1	0	0	0.0	0.0	1.0	1.0	0.0	0.0
388	871196	1	1	1	1	1	0	1	1.0	1.0	1.0	1.0	0.0	1.0
165	397209	1	1	1	1	1	1	1	1.0	1.0	1.0	1.0	1.0	1.0
329	792306	1	0	0	0	0	0	0	0.0	0.0	0.0	0.0	0.0	0.0
553	1126082	1	1	1	1	1	0	1	1.0	1.0	1.0	1.0	0.0	1.0
158	385725	1	1	1	1	1	0	1	1.0	1.0	1.0	1.0	0.0	1.0
156	373711	1	0	1	1	1	0	0	0.0	1.0	1.0	1.0	0.0	0.0
560	1134865	1	1	1	1	1	0	0	1.0	1.0	1.0	1.0	0.0	0.0
563	1136569	1	0	0	0	0	0	0	0.0	0.0	0.0	0.0	0.0	0.0
288	733744	1	1	1	1	1	0	0	1.0	1.0	1.0	1.0	0.0	0.0
383	865474	1	1	1	1	1	0	0	1.0	1.0	1.0	1.0	0.0	0.0
568	1146015	1	0	0	0	0	0	0	0.0	0.0	0.0	0.0	0.0	0.0
570	1146928	1	0	0	0	0	0	0	0.0	0.0	0.0	0.0	0.0	0.0
590	1173779	1	1	1	1	1	0	1	1.0	1.0	1.0	1.0	0.0	1.0
149	334489	1	0	0	0	0	0	0	0.0	0.0	0.0	0.0	0.0	0.0
573	1151337	1	0	0	0	0	0	0	0.0	0.0	0.0	0.0	0.0	0.0
574	1151542	1	0	0	0	1	0	0	0.0	0.0	0.0	1.0	0.0	0.0
379	860643	1	1	1	1	1	1	1	1.0	1.0	1.0	1.0	1.0	1.0
578	1155276	1	1	1	1	1	1	1	1.0	1.0	1.0	1.0	1.0	1.0
139	292283	1	1	1	1	1	1	1	1.0	1.0	1.0	1.0	1.0	1.0
581	1158608	1	1	1	1	1	1	1	1.0	1.0	1.0	1.0	1.0	1.0
289	733784	1	1	1	1	1	0	0	1.0	1.0	1.0	1.0	0.0	0.0
583	1160534	1	0	1	1	1	0	0	0.0	1.0	1.0	1.0	0.0	0.0
135	290271	1	1	1	1	1	1	1	1.0	1.0	1.0	1.0	1.0	1.0
132	284265	1	1	1	1	1	1	1	1.0	1.0	1.0	1.0	1.0	1.0
131	283562	1	0	0	0	0	0	0	0.0	0.0	0.0	0.0	0.0	0.0
128	280092	1	0	0	0	0	0	0	0.0	0.0	0.0	0.0	0.0	0.0
599	1192276	1	1	1	1	1	1	1	1.0	1.0	1.0	1.0	1.0	1.0
